PMID,Reason,URL
10325236,No PMCID found,https://pubmed.ncbi.nlm.nih.gov/10325236/
10735633,No PMCID found,https://pubmed.ncbi.nlm.nih.gov/10735633/
10790218,No PMCID found,https://pubmed.ncbi.nlm.nih.gov/10790218/
10996323,No PMCID found,https://pubmed.ncbi.nlm.nih.gov/10996323/
11009462,No PMCID found,https://pubmed.ncbi.nlm.nih.gov/11009462/
11113008,No PMCID found,https://pubmed.ncbi.nlm.nih.gov/11113008/
11802537,No PMCID found,https://pubmed.ncbi.nlm.nih.gov/11802537/
11864984,No PMCID found,https://pubmed.ncbi.nlm.nih.gov/11864984/
12354768,No PMCID found,https://pubmed.ncbi.nlm.nih.gov/12354768/
12829173,No PMCID found,https://pubmed.ncbi.nlm.nih.gov/12829173/
12837749,No PMCID found,https://pubmed.ncbi.nlm.nih.gov/12837749/
14499861,No PMCID found,https://pubmed.ncbi.nlm.nih.gov/14499861/
14760488,No PMCID found,https://pubmed.ncbi.nlm.nih.gov/14760488/
15090700,No PMCID found,https://pubmed.ncbi.nlm.nih.gov/15090700/
15308760,No PMCID found,https://pubmed.ncbi.nlm.nih.gov/15308760/
15325285,No PMCID found,https://pubmed.ncbi.nlm.nih.gov/15325285/
15500450,No PMCID found,https://pubmed.ncbi.nlm.nih.gov/15500450/
15670565,No PMCID found,https://pubmed.ncbi.nlm.nih.gov/15670565/
15746444,No PMCID found,https://pubmed.ncbi.nlm.nih.gov/15746444/
15851652,No PMCID found,https://pubmed.ncbi.nlm.nih.gov/15851652/
16011830,No PMCID found,https://pubmed.ncbi.nlm.nih.gov/16011830/
16132053,No PMCID found,https://pubmed.ncbi.nlm.nih.gov/16132053/
16155735,No PMCID found,https://pubmed.ncbi.nlm.nih.gov/16155735/
16265869,No PMCID found,https://pubmed.ncbi.nlm.nih.gov/16265869/
16474003,No PMCID found,https://pubmed.ncbi.nlm.nih.gov/16474003/
16842817,No PMCID found,https://pubmed.ncbi.nlm.nih.gov/16842817/
16923798,No PMCID found,https://pubmed.ncbi.nlm.nih.gov/16923798/
17056009,No PMCID found,https://pubmed.ncbi.nlm.nih.gov/17056009/
17534376,"Supplemental files API failed, no DOI",https://www.ncbi.nlm.nih.gov/pmc/articles/PMC2234597/
17560554,"Supplemental files API failed, no DOI",https://www.ncbi.nlm.nih.gov/pmc/articles/PMC1920586/
17560885,No PMCID found,https://pubmed.ncbi.nlm.nih.gov/17560885/
17569659,No PMCID found,https://pubmed.ncbi.nlm.nih.gov/17569659/
18218237,No PMCID found,https://pubmed.ncbi.nlm.nih.gov/18218237/
18222468,Supplemental file download failed: NIHMS44338-supplement-01.pdf,https://www.ncbi.nlm.nih.gov/articles/instance/2386856/bin/NIHMS44338-supplement-01.pdf
18593567,No PMCID found,https://pubmed.ncbi.nlm.nih.gov/18593567/
18596570,No PMCID found,https://pubmed.ncbi.nlm.nih.gov/18596570/
18617000,No PMCID found,https://pubmed.ncbi.nlm.nih.gov/18617000/
18634780,No PMCID found,https://pubmed.ncbi.nlm.nih.gov/18634780/
18690032,No PMCID found,https://pubmed.ncbi.nlm.nih.gov/18690032/
18692916,No PMCID found,https://pubmed.ncbi.nlm.nih.gov/18692916/
18955593,Supplemental file download failed: jgp.200810083_7.pdf,https://www.ncbi.nlm.nih.gov/articles/instance/2571969/bin/jgp.200810083_7.pdf
18955593,Supplemental file download failed: jgp.200810083_8.zip,https://www.ncbi.nlm.nih.gov/articles/instance/2571969/bin/jgp.200810083_8.zip
19088443,No PMCID found,https://pubmed.ncbi.nlm.nih.gov/19088443/
19136169,No PMCID found,https://pubmed.ncbi.nlm.nih.gov/19136169/
19184172,No PMCID found,https://pubmed.ncbi.nlm.nih.gov/19184172/
19215240,No PMCID found,https://pubmed.ncbi.nlm.nih.gov/19215240/
19305408,Supplemental file download failed: NIHMS100620-supplement-1.pdf,https://www.ncbi.nlm.nih.gov/articles/instance/2701449/bin/NIHMS100620-supplement-1.pdf
19305408,Supplemental file download failed: NIHMS100620-supplement-2.doc,https://www.ncbi.nlm.nih.gov/articles/instance/2701449/bin/NIHMS100620-supplement-2.doc
19371231,No PMCID found,https://pubmed.ncbi.nlm.nih.gov/19371231/
19412172,Supplemental file download failed: NIHMS108307-supplement-1.doc,https://www.ncbi.nlm.nih.gov/articles/instance/2756110/bin/NIHMS108307-supplement-1.doc
19412172,Supplemental file download failed: NIHMS108307-supplement-2.doc,https://www.ncbi.nlm.nih.gov/articles/instance/2756110/bin/NIHMS108307-supplement-2.doc
19426697,No PMCID found,https://pubmed.ncbi.nlm.nih.gov/19426697/
19731233,No PMCID found,https://pubmed.ncbi.nlm.nih.gov/19731233/
19940115,Supplemental file download failed: DC1,http://www.jbc.org/cgi/content/full/M109.024000/DC1
19940115,Supplemental file download failed: supp_M109.024000_jbc.M109.024000-1.pdf,https://www.ncbi.nlm.nih.gov/articles/instance/2823420/bin/supp_M109.024000_jbc.M109.024000-1.pdf
20831043,No PMCID found,https://pubmed.ncbi.nlm.nih.gov/20831043/
20951697,No PMCID found,https://pubmed.ncbi.nlm.nih.gov/20951697/
21063070,No PMCID found,https://pubmed.ncbi.nlm.nih.gov/21063070/
21130771,No PMCID found,https://pubmed.ncbi.nlm.nih.gov/21130771/
