pmid,excel_variant_raw,excel_variant_norm,sqlite_variant_raw,sqlite_variant_norm,match_type,match_score,excel_carriers_total,sqlite_carriers_total,carriers_diff,excel_affected,sqlite_affected,affected_diff,excel_unaffected,sqlite_unaffected,unaffected_diff,phenotype,missing_in_sqlite,missing_in_excel,count_mismatch
16470702,7q34q36.2Del,7q34q36.2Del,,,none,,,,,,,,,,,ALL,True,False,False
18348270,7q36.1q36.2Del,7q36.1q36.2Del,,,none,,,,,,,,,,,ALL,True,False,False
26496715,A1017fsX,A1017fs*,,,none,,,,,,,,,,,ALL,True,False,False
14661677,A1058E,A1058E,,,none,,,,,,,,1.0,,,ALL,True,False,False
16116052,A1116V,A1116V,,,none,,,,,,,,3.0,,,ALL,True,False,False
26496715,A169G,A169G,,,none,,,,,,,,,,,ALL,True,False,False
24667783,A172V,A172V,,,none,,,,,,,,,,,ALL,True,False,False
14661677,A190T,A190T,,,none,,,,,,,,1.0,,,ALL,True,False,False
15913580,A190T,A190T,,,none,,,,,,,,,,,ALL,True,False,False
19038855,A193fsX,A193fs*,,,none,,,,,,,,,,,ALL,True,False,False
21216356,A193T,A193T,,,none,,,,,,,,,,,ALL,True,False,False
29622001,A193V,A193V,,,none,,,,,,,,,,,ALL,True,False,False
14661677,A203T,A203T,,,none,,,,,,,,1.0,,,ALL,True,False,False
22727609,A228V,A228V,,,none,,,,,,,,,,,ALL,True,False,False
29622001,A285fsX,A285fs*,,,none,,,,,,,,,,,ALL,True,False,False
26496715,A32T,A32T,,,none,,,,,,,,,,,ALL,True,False,False
15242738,A422T,A422T,,,none,,,,,,,,,,,ALL,True,False,False
15840476,A422T,A422T,,,none,,,,,,,,,,,ALL,True,False,False
22727609,A448T,A448T,,,none,,,,,,,,,,,ALL,True,False,False
17560885,A490P,A490P,,,none,,,,,,,,1.0,,,ALL,True,False,False
11170080,A490T,A490T,,,none,,,,,,,,,,,ALL,True,False,False
20975234,A490T,A490T,,,none,,,,,,,,,,,ALL,True,False,False
29622001,A558E,A558E,,,none,,,,,,,,,,,ALL,True,False,False
10220144,A558P,A558P,,,none,,,,,,,,,,,ALL,True,False,False
19038855,A558P,A558P,,,none,,,,,,,,,,,ALL,True,False,False
20390067,A558P,A558P,,,none,,,,,,,,,,,ALL,True,False,False
15280442,A561P,A561P,,,none,,,,,,,,,,,ALL,True,False,False
8877771,A561T,A561T,,,none,,,,,,,,2.0,,,ALL,True,False,False
10973849,A561T,A561T,,,none,,,,,,,,,,,ALL,True,False,False
11854117,A561T,A561T,,,none,,,,,,,,,,,ALL,True,False,False
15120823,A561T,A561T,,,none,,,,,,,,,,,ALL,True,False,False
16379539,A561T,A561T,,,none,,,,,,,,,,,ALL,True,False,False
15840476,A561T,A561T,,,none,,,,,,,,,,,ALL,True,False,False
20197117,A561T,A561T,,,none,,,,,,,,,,,ALL,True,False,False
26496715,A561T,A561T,,,none,,,,,,,,,,,ALL,True,False,False
28438721,A561T,A561T,,,none,,,,,,,,,,,ALL,True,False,False
14642689,A561T,A561T,,,none,,,,,,,,,,,ALL,True,False,False
7889573,A561V,A561V,,,none,,,,,,,,,,,ALL,True,False,False
10973849,A561V,A561V,,,none,,,,,,,,,,,ALL,True,False,False
11854117,A561V,A561V,,,none,,,,,,,,,,,ALL,True,False,False
15840476,A561V,A561V,,,none,,,,,,,,,,,ALL,True,False,False
17595376,A561V,A561V,,,none,,,,,,,,,,,ALL,True,False,False
18593567,A561V,A561V,,,none,,,,,,,,,,,ALL,True,False,False
19996378,A561V,A561V,,,none,,,,,,,,,,,ALL,True,False,False
19352046,A561V,A561V,,,none,,,,,,,,,,,ALL,True,False,False
24623279,A561V,A561V,,,none,,,,,,,,,,,ALL,True,False,False
24606995,A561V,A561V,,,none,,,,,,,,,,,ALL,True,False,False
24667783,A561V,A561V,,,none,,,,,,,,2.0,,,ALL,True,False,False
26496715,A561V,A561V,,,none,,,,,,,,,,,ALL,True,False,False
26847485,A561V,A561V,,,none,,,,,,,,,,,ALL,True,False,False
26823142,A561V,A561V,,,none,,,,,,,,,,,ALL,True,False,False
29650123,A561V,A561V,,,none,,,,,,,,,,,ALL,True,False,False
29020304,A561V,A561V,,,none,,,,,,,,,,,ALL,True,False,False
30246897,A561V,A561V,,,none,,,,,,,,,,,ALL,True,False,False
26063740,A561V,A561V,,,none,,,,,,,,,,,ALL,True,False,False
24103226,A57P,A57P,,,none,,,,,,,,,,,ALL,True,False,False
9544837,A614V,A614V,,,none,,,,,,,,,,,ALL,True,False,False
9693036,A614V,A614V,,,none,,,,,,,,,,,ALL,True,False,False
11854117,A614V,A614V,,,none,,,,,,,,,,,ALL,True,False,False
15090700,A614V,A614V,,,none,,,,,,,,,,,ALL,True,False,False
15840476,A614V,A614V,,,none,,,,,,,,,,,ALL,True,False,False
19070294,A614V,A614V,,,none,,,,,,,,,,,ALL,True,False,False
19843919,A614V,A614V,,,none,,,,,,,,1.0,,,ALL,True,False,False
19996378,A614V,A614V,,,none,,,,,,,,,,,ALL,True,False,False
23864605,A614V,A614V,,,none,,,,,,,,,,,ALL,True,False,False
24218437,A614V,A614V,,,none,,,,,,,,,,,ALL,True,False,False
26496715,A614V,A614V,,,none,,,,,,,,,,,ALL,True,False,False
27555138,A614V,A614V,,,none,,,,,,,,,,,ALL,True,False,False
14642690,A614V,A614V,,,none,,,,,,,,,,,ALL,True,False,False
15840476,A671Del,A671Del,,,none,,,,,,,,,,,ALL,True,False,False
15840476,A715sp,A715sp,,,none,,,,,,,,,,,ALL,True,False,False
10973849,A78P,A78P,,,none,,,,,,,,,,,ALL,True,False,False
11854117,A78P,A78P,,,none,,,,,,,,,,,ALL,True,False,False
15840476,A78P,A78P,,,none,,,,,,,,,,,ALL,True,False,False
27761169,A78T,A78T,,,none,,,,,,,,1.0,,,ALL,True,False,False
26496715,A797T,A797T,,,none,,,,,,,,,,,ALL,True,False,False
23098067,A79fsX,A79fs*,,,none,,,,,,,,,,,ALL,True,False,False
18508782,A80V,A80V,,,none,,,,,,,,,,,ALL,True,False,False
24606995,A83fsX,A83fs*,,,none,,,,,,,,,,,ALL,True,False,False
10973849,A83fsX,A83fs*,,,none,,,,,,,,,,,ALL,True,False,False
11854117,A83fsX,A83fs*,,,none,,,,,,,,,,,ALL,True,False,False
17876385,A85P,A85P,,,none,,,,,,,,,,,ALL,True,False,False
15840476,A85V,A85V,,,none,,,,,,,,,,,ALL,True,False,False
18776039,A8V,A8V,,,none,,,,,,,,,,,ALL,True,False,False
15840476,A913V,A913V,,,none,,,,,,,,,,,ALL,True,False,False
23936059,A913V,A913V,,,none,,,,,,,,,,,ALL,True,False,False
24606995,A913V,A913V,,,none,,,,,,,,,,,ALL,True,False,False
26746457,A913V,A913V,,,none,,,,,,,,2.0,,,ALL,True,False,False
29622001,A913V,A913V,,,none,,,,,,,,,,,ALL,True,False,False
18984536,A915fsX,A915fs*,,,none,,,,,,,,,,,ALL,True,False,False
16922724,A915fsX,A915fs*,,,none,,,,,,,,,,,ALL,True,False,False
14661677,A915V,A915V,,,none,,,,,,,,6.0,,,ALL,True,False,False
26496715,c.1557+1G>A,c.1557+1G>A,,,none,,,,,,,,,,,ALL,True,False,False
15364333,c.1945+6T>C,c.1945+6T>C,,,none,,,,,,,,,,,ALL,True,False,False
18272172,c.2398+1G>C,c.2398+1G>C,,,none,,,,,,,,,,,ALL,True,False,False
10086972,c.2592+1G->A,c.2592+1G->A,,,none,,,,,,,,,,,ALL,True,False,False
24217263,c.917-3T>C,c.917-3T>C,,,none,,,,,,,,,,,ALL,True,False,False
28749435,C108Y,C108Y,,,none,,,,,,,,1.0,,,ALL,True,False,False
10086971,C1117fsX,C1117fs*,,,none,,,,,,,,2.0,,,ALL,True,False,False
15176425,C39X,C39*,,,none,,,,,,,,,,,ALL,True,False,False
27816319,C44W,C44W,,,none,,,,,,,,,,,ALL,True,False,False
10973849,C44X,C44*,,,none,,,,,,,,,,,ALL,True,False,False
11854117,C44X,C44*,,,none,,,,,,,,,,,ALL,True,False,False
29650123,C49Y,C49Y,,,none,,,,,,,,,,,ALL,True,False,False
21499742,C566G,C566G,,,none,,,,,,,,,,,ALL,True,False,False
30246897,C566R,C566R,,,none,,,,,,,,1.0,,,ALL,True,False,False
19038855,C64Y,C64Y,,,none,,,,,,,,,,,ALL,True,False,False
10973849,C66G,C66G,,,none,,,,,,,,,,,ALL,True,False,False
11854117,C66G,C66G,,,none,,,,,,,,,,,ALL,True,False,False
14661677,C723R,C723R,,,none,,,,,,,,1.0,,,ALL,True,False,False
26496715,C984fsX,C984fs*,,,none,,,,,,,,,,,ALL,True,False,False
26496715,D102H,D102H,,,none,,,,,,,,,,,ALL,True,False,False
23098067,D1037fsX,D1037fs*,,,none,,,,,,,,,,,ALL,True,False,False
16922724,D1037fsX,D1037fs*,,,none,,,,,,,,,,,ALL,True,False,False
20975234,D111V,D111V,,,none,,,,,,,,,,,ALL,True,False,False
26746457,D119H,D119H,,,none,,,,,,,,1.0,,,ALL,True,False,False
23098067,D287fsX,D287fs*,,,none,,,,,,,,,,,ALL,True,False,False
19843919,D342V,D342V,,,none,,,,,,,,1.0,,,ALL,True,False,False
15840476,D456Y,D456Y,,,none,,,,,,,,,,,ALL,True,False,False
19038855,D456Y,D456Y,,,none,,,,,,,,,,,ALL,True,False,False
29622001,D460fsX,D460fs*,,,none,,,,,,,,,,,ALL,True,False,False
15176425,D460fsX,D460fs*,,,none,,,,,,,,,,,ALL,True,False,False
19038855,D501H,D501H,,,none,,,,,,,,,,,ALL,True,False,False
12402336,D501N,D501N,,,none,,,,,,,,,,,ALL,True,False,False
14998624,D501N,D501N,,,none,,,,,,,,,,,ALL,True,False,False
19352046,D501N,D501N,,,none,,,,,,,,,,,ALL,True,False,False
23134353,D540fsX,D540fs*,,,none,,,,,,,,1.0,,,ALL,True,False,False
26746457,D591N,D591N,,,none,,,,,,,,1.0,,,ALL,True,False,False
15500450,D609G,D609G,,,none,,,,,,,,,,,ALL,True,False,False
26496715,D609G,D609G,,,none,,,,,,,,,,,ALL,True,False,False
30844837,D609G,D609G,,,none,,,,,,,,,,,ALL,True,False,False
10973849,D609N,D609N,,,none,,,,,,,,,,,ALL,True,False,False
11854117,D609N,D609N,,,none,,,,,,,,,,,ALL,True,False,False
15840476,D774Y,D774Y,,,none,,,,,,,,,,,ALL,True,False,False
17905336,D774Y,D774Y,,,none,,,,,,,,,,,ALL,True,False,False
22429796,D774Y,D774Y,,,none,,,,,,,,,,,ALL,True,False,False
30244407,D803Y,D803Y,,,none,,,,,,,,1.0,,,ALL,True,False,False
15840476,D837G,D837G,,,none,,,,,,,,,,,ALL,True,False,False
26496715,D837Y,D837Y,,,none,,,,,,,,,,,ALL,True,False,False
10973849,D864sp,D864sp,,,none,,,,,,,,,,,ALL,True,False,False
15840476,D864sp,D864sp,,,none,,,,,,,,,,,ALL,True,False,False
26496715,D896fsX,D896fs*,,,none,,,,,,,,,,,ALL,True,False,False
19996378,Del(7)(q32qter),Del(7)(q32qter),,,none,,,,,,,,,,,ALL,True,False,False
29449639,E1039X,E1039*,,,none,,,,,,,,3.0,,,ALL,True,False,False
15176425,E1053fsX,E1053fs*,,,none,,,,,,,,,,,ALL,True,False,False
15840476,E1053X,E1053*,,,none,,,,,,,,,,,ALL,True,False,False
27816319,E1126fsX,E1126fs*,,,none,,,,,,,,,,,ALL,True,False,False
15090700,E130K,E130K,,,none,,,,,,,,,,,ALL,True,False,False
23351921,E177X,E177*,,,none,,,,,,,,1.0,,,ALL,True,False,False
15840476,E229X,E229*,,,none,,,,,,,,,,,ALL,True,False,False
16818214,E229X,E229*,,,none,,,,,,,,,,,ALL,True,False,False
26496715,E480V,E480V,,,none,,,,,,,,,,,ALL,True,False,False
29759541,E50D,E50D,,,none,,,,,,,,,,,ALL,True,False,False
26496715,E544A,E544A,,,none,,,,,,,,,,,ALL,True,False,False
29622001,E544fsX,E544fs*,,,none,,,,,,,,,,,ALL,True,False,False
18508782,E544fsX,E544fs*,,,none,,,,,,,,2.0,,,ALL,True,False,False
26496715,E575K,E575K,,,none,,,,,,,,,,,ALL,True,False,False
19695459,E58K,E58K,,,none,,,,,,,,,,,ALL,True,False,False
21216356,E637G,E637G,,,none,,,,,,,,,,,ALL,True,False,False
21109023,E637G,E637G,,,none,,,,,,,,,,,ALL,True,False,False
12062363,E637K,E637K,,,none,,,,,,,,,,,ALL,True,False,False
12808265,E637K,E637K,,,none,,,,,,,,,,,ALL,True,False,False
10973849,E682X,E682*,,,none,,,,,,,,,,,ALL,True,False,False
14642688,E682X,E682*,,,none,,,,,,,,,,,ALL,True,False,False
12402336,E698X,E698*,,,none,,,,,,,,,,,ALL,True,False,False
19038855,E698X,E698*,,,none,,,,,,,,,,,ALL,True,False,False
15840476,E788D,E788D,,,none,,,,,,,,,,,ALL,True,False,False
19184172,E788K,E788K,,,none,,,,,,,,1.0,,,ALL,True,False,False
24667783,E807X,E807*,,,none,,,,,,,,,,,ALL,True,False,False
16922724,E876fsX,E876fs*,,,none,,,,,,,,1.0,,,ALL,True,False,False
15840476,E876X,E876*,,,none,,,,,,,,,,,ALL,True,False,False
19038855,E876X,E876*,,,none,,,,,,,,,,,ALL,True,False,False
29214556,E876X,E876*,,,none,,,,,,,,4.0,,,ALL,True,False,False
18774102,ex6-14Del,ex6-14Del,,,none,,,,,,,,,,,ALL,True,False,False
18774102,ex9-14dup,ex9-14dup,,,none,,,,,,,,,,,ALL,True,False,False
21185499,exon1-14Del,exon1-14Del,,,none,,,,,,,,2.0,,,ALL,True,False,False
23098067,exon2dup,exon2dup,,,none,,,,,,,,,,,ALL,True,False,False
21185499,exon4-14Del,exon4-14Del,,,none,,,,,,,,1.0,,,ALL,True,False,False
16399053,"exon5,6,7Xdup","exon5,6,7Xdup",,,none,,,,,,,,1.0,,,ALL,True,False,False
20167303,exon6-14Del,exon6-14Del,,,none,,,,,,,,,,,ALL,True,False,False
23098067,exon9-10Del,exon9-10Del,,,none,,,,,,,,,,,ALL,True,False,False
24606995,F22S,F22S,,,none,,,,,,,,,,,ALL,True,False,False
10973849,F29L,F29L,,,none,,,,,,,,,,,ALL,True,False,False
11854117,F29L,F29L,,,none,,,,,,,,,,,ALL,True,False,False
15840476,F29L,F29L,,,none,,,,,,,,,,,ALL,True,False,False
22882672,F29L,F29L,,,none,,,,,,,,3.0,,,ALL,True,False,False
24606995,F29L,F29L,,,none,,,,,,,,,,,ALL,True,False,False
26403377,F29L,F29L,,,none,,,,,,,,6.0,,,ALL,True,False,False
19065538,F463L,F463L,,,none,,,,,,,,,,,ALL,True,False,False
19215240,F463L,F463L,,,none,,,,,,,,1.0,,,ALL,True,False,False
26496715,F494Del,F494Del,,,none,,,,,,,,,,,ALL,True,False,False
29650123,F617fsX,F617fs*,,,none,,,,,,,,,,,ALL,True,False,False
30244407,F617V,F617V,,,none,,,,,,,,,,,ALL,True,False,False
17905336,F627fsX,F627fs*,,,none,,,,,,,,,,,ALL,True,False,False
10973849,F627L,F627L,,,none,,,,,,,,,,,ALL,True,False,False
11854117,F627L,F627L,,,none,,,,,,,,,,,ALL,True,False,False
18848812,F627L,F627L,,,none,,,,,,,,,,,ALL,True,False,False
24217263,F627L,F627L,,,none,,,,,,,,,,,ALL,True,False,False
22727609,F640Del,F640Del,,,none,,,,,,,,,,,ALL,True,False,False
26823142,F640Del,F640Del,,,none,,,,,,,,,,,ALL,True,False,False
10220144,F640L,F640L,,,none,,,,,,,,,,,ALL,True,False,False
19038855,F640L,F640L,,,none,,,,,,,,,,,ALL,True,False,False
15840476,F640V,F640V,,,none,,,,,,,,,,,ALL,True,False,False
21063070,F68L,F68L,,,none,,,,,,,,,,,ALL,True,False,False
10973849,F805C,F805C,,,none,,,,,,,,,,,ALL,True,False,False
11854117,F805C,F805C,,,none,,,,,,,,,,,ALL,True,False,False
11844290,F805C,F805C,,,none,,,,,,,,,,,ALL,True,False,False
15840476,F805C,F805C,,,none,,,,,,,,,,,ALL,True,False,False
10973849,F805S,F805S,,,none,,,,,,,,,,,ALL,True,False,False
26496715,F805S,F805S,,,none,,,,,,,,,,,ALL,True,False,False
27871843,F991fsX,F991fs*,,,none,,,,,,,,,,,ALL,True,False,False
12877697,G1006fsX,G1006fs*,,,none,,,,,,,,,,,ALL,True,False,False
29622001,G1006fsX,G1006fs*,,,none,,,,,,,,,,,ALL,True,False,False
10973849,G1031fsX,G1031fs*,,,none,,,,,,,,,,,ALL,True,False,False
17905336,G1031fsX,G1031fs*,,,none,,,,,,,,,,,ALL,True,False,False
15840476,G1036D,G1036D,,,none,,,,,,,,,,,ALL,True,False,False
18675227,G1036D,G1036D,,,none,,,,,,,,2.0,,,ALL,True,False,False
29622001,G1036D,G1036D,,,none,,,,,,,,,,,ALL,True,False,False
28532774,G1036Del,G1036Del,,,none,,,,,,,,,,,ALL,True,False,False
19038855,G1036fsX,G1036fs*,,,none,,,,,,,,,,,ALL,True,False,False
19371231,G183fsX,G183fs*,,,none,,,,,,,,,,,ALL,True,False,False
24606995,G184Del,G184Del,,,none,,,,,,,,,,,ALL,True,False,False
10491368,G186fsX,G186fs*,,,none,,,,,,,,2.0,,,ALL,True,False,False
14661677,G187Del,G187Del,,,none,,,,,,,,3.0,,,ALL,True,False,False
21410720,G187Del,G187Del,,,none,,,,,,,,,,,ALL,True,False,False
14661677,G187S,G187S,,,none,,,,,,,,1.0,,,ALL,True,False,False
10790218,G189Ins,G189Ins,,,none,,,,,,,,1.0,,,ALL,True,False,False
18452873,G189Ins,G189Ins,,,none,,,,,,,,,,,ALL,True,False,False
12402336,G192fsX,G192fs*,,,none,,,,,,,,,,,ALL,True,False,False
21216356,G21D,G21D,,,none,,,,,,,,,,,ALL,True,False,False
24667783,G238R,G238R,,,none,,,,,,,,,,,ALL,True,False,False
15840476,G238S,G238S,,,none,,,,,,,,,,,ALL,True,False,False
25935074,G262fsX,G262fs*,,,none,,,,,,,,,,,ALL,True,False,False
24667783,G262fsX,G262fs*,,,none,,,,,,,,,,,ALL,True,False,False
15913580,G294V,G294V,,,none,,,,,,,,,,,ALL,True,False,False
15840476,G306W,G306W,,,none,,,,,,,,,,,ALL,True,False,False
19038855,G306W,G306W,,,none,,,,,,,,,,,ALL,True,False,False
23631430,G47D,G47D,,,none,,,,,,,,,,,ALL,True,False,False
10973849,G47V,G47V,,,none,,,,,,,,,,,ALL,True,False,False
11854117,G47V,G47V,,,none,,,,,,,,,,,ALL,True,False,False
22764740,G487R,G487R,,,none,,,,,,,,3.0,,,ALL,True,False,False
26746457,G487S,G487S,,,none,,,,,,,,1.0,,,ALL,True,False,False
24103226,G53R,G53R,,,none,,,,,,,,,,,ALL,True,False,False
10973849,G53R,G53R,,,none,,,,,,,,,,,ALL,True,False,False
15840476,G53R,G53R,,,none,,,,,,,,,,,ALL,True,False,False
23098067,G53S,G53S,,,none,,,,,,,,,,,ALL,True,False,False
9693036,G572C,G572C,,,none,,,,,,,,,,,ALL,True,False,False
14642687,G572C,G572C,,,none,,,,,,,,,,,ALL,True,False,False
10735633,G572R,G572R,,,none,,,,,,,,,,,ALL,True,False,False
24606995,G572R,G572R,,,none,,,,,,,,,,,ALL,True,False,False
15176425,G572S,G572S,,,none,,,,,,,,,,,ALL,True,False,False
15840476,G572S,G572S,,,none,,,,,,,,,,,ALL,True,False,False
17905336,G572S,G572S,,,none,,,,,,,,,,,ALL,True,False,False
19038855,G572S,G572S,,,none,,,,,,,,,,,ALL,True,False,False
19996378,G572S,G572S,,,none,,,,,,,,,,,ALL,True,False,False
19306396,G572S,G572S,,,none,,,,,,,,,,,ALL,True,False,False
19490267,G572S,G572S,,,none,,,,,,,,,,,ALL,True,False,False
21308345,G572S,G572S,,,none,,,,,,,,1.0,,,ALL,True,False,False
20197117,G572S,G572S,,,none,,,,,,,,,,,ALL,True,False,False
21063070,G572S,G572S,,,none,,,,,,,,,,,ALL,True,False,False
21216356,G572S,G572S,,,none,,,,,,,,,,,ALL,True,False,False
22727609,G572S,G572S,,,none,,,,,,,,,,,ALL,True,False,False
24217263,G572S,G572S,,,none,,,,,,,,,,,ALL,True,False,False
26496715,G572S,G572S,,,none,,,,,,,,,,,ALL,True,False,False
27871843,G572S,G572S,,,none,,,,,,,,,,,ALL,True,False,False
28532774,G572S,G572S,,,none,,,,,,,,,,,ALL,True,False,False
29622001,G572S,G572S,,,none,,,,,,,,,,,ALL,True,False,False
29650123,G572S,G572S,,,none,,,,,,,,,,,ALL,True,False,False
29497013,G584R,G584R,,,none,,,,,,,,1.0,,,ALL,True,False,False
10862094,G584S,G584S,,,none,,,,,,,,6.0,,,ALL,True,False,False
10973849,G584S,G584S,,,none,,,,,,,,,,,ALL,True,False,False
15840476,G584S,G584S,,,none,,,,,,,,,,,ALL,True,False,False
19490267,G584S,G584S,,,none,,,,,,,,13.0,,,ALL,True,False,False
23098067,G584S,G584S,,,none,,,,,,,,,,,ALL,True,False,False
24606995,G584S,G584S,,,none,,,,,,,,,,,ALL,True,False,False
29622001,G584S,G584S,,,none,,,,,,,,,,,ALL,True,False,False
9452080,G601S,G601S,,,none,,,,,,,,,,,ALL,True,False,False
10862094,G601S,G601S,,,none,,,,,,,,2.0,,,ALL,True,False,False
16969682,G601S,G601S,,,none,,,,,,,,,,,ALL,True,False,False
19169982,G601S,G601S,,,none,,,,,,,,,,,ALL,True,False,False
23864605,G601S,G601S,,,none,,,,,,,,,,,ALL,True,False,False
26496715,G601S,G601S,,,none,,,,,,,,,,,ALL,True,False,False
29622001,G601S,G601S,,,none,,,,,,,,,,,ALL,True,False,False
23917959,G603D,G603D,,,none,,,,,,,,,,,ALL,True,False,False
29037423,G604C,G604C,,,none,,,,,,,,,,,ALL,True,False,False
10220144,G604S,G604S,,,none,,,,,,,,,,,ALL,True,False,False
10973849,G604S,G604S,,,none,,,,,,,,,,,ALL,True,False,False
11854117,G604S,G604S,,,none,,,,,,,,,,,ALL,True,False,False
14998624,G604S,G604S,,,none,,,,,,,,,,,ALL,True,False,False
15840476,G604S,G604S,,,none,,,,,,,,,,,ALL,True,False,False
22402334,G604S,G604S,,,none,,,,,,,,,,,ALL,True,False,False
22821100,G604S,G604S,,,none,,,,,,,,,,,ALL,True,False,False
24103226,G604S,G604S,,,none,,,,,,,,,,,ALL,True,False,False
26496715,G604S,G604S,,,none,,,,,,,,,,,ALL,True,False,False
10973849,G626S,G626S,,,none,,,,,,,,,,,ALL,True,False,False
26496715,G626S,G626S,,,none,,,,,,,,,,,ALL,True,False,False
10862104,G626V,G626V,,,none,,,,,,,,,,,ALL,True,False,False
19996378,G628A,G628A,,,none,,,,,,,,,,,ALL,True,False,False
24112685,G628D,G628D,,,none,,,,,,,,,,,ALL,True,False,False
30036649,G628Del,G628Del,,,none,,,,,,,,,,,ALL,True,False,False
21216356,G628R,G628R,,,none,,,,,,,,,,,ALL,True,False,False
7889573,G628S,G628S,,,none,,,,,,,,,,,ALL,True,False,False
10973849,G628S,G628S,,,none,,,,,,,,,,,ALL,True,False,False
11854117,G628S,G628S,,,none,,,,,,,,,,,ALL,True,False,False
14998624,G628S,G628S,,,none,,,,,,,,,,,ALL,True,False,False
16379539,G628S,G628S,,,none,,,,,,,,,,,ALL,True,False,False
15840476,G628S,G628S,,,none,,,,,,,,,,,ALL,True,False,False
16922724,G628S,G628S,,,none,,,,,,,,,,,ALL,True,False,False
19996378,G628S,G628S,,,none,,,,,,,,,,,ALL,True,False,False
24218437,G628S,G628S,,,none,,,,,,,,,,,ALL,True,False,False
26496715,G628S,G628S,,,none,,,,,,,,,,,ALL,True,False,False
27492745,G628S,G628S,,,none,,,,,,,,,,,ALL,True,False,False
29650123,G628S,G628S,,,none,,,,,,,,,,,ALL,True,False,False
15840476,G628V,G628V,,,none,,,,,,,,,,,ALL,True,False,False
29497013,G628V,G628V,,,none,,,,,,,,,,,ALL,True,False,False
23631430,G71E,G71E,,,none,,,,,,,,,,,ALL,True,False,False
26496715,G71W,G71W,,,none,,,,,,,,,,,ALL,True,False,False
29497013,G71W,G71W,,,none,,,,,,,,,,,ALL,True,False,False
26746457,G745A,G745A,,,none,,,,,,,,1.0,,,ALL,True,False,False
19695459,G745fsX,G745fs*,,,none,,,,,,,,,,,ALL,True,False,False
29146210,G785D,G785D,,,none,,,,,,,,2.0,,,ALL,True,False,False
24667783,G785fsX,G785fs*,,,none,,,,,,,,,,,ALL,True,False,False
21951015,G816V,G816V,,,none,,,,,,,,3.0,,,ALL,True,False,False
15840476,G820R,G820R,,,none,,,,,,,,,,,ALL,True,False,False
26496715,G873fsX,G873fs*,,,none,,,,,,,,,,,ALL,True,False,False
14661677,G873S,G873S,,,none,,,,,,,,1.0,,,ALL,True,False,False
16043162,G873S,G873S,,,none,,,,,,,,,,,ALL,True,False,False
29650123,G911fsX,G911fs*,,,none,,,,,,,,,,,ALL,True,False,False
26746457,G924W,G924W,,,none,,,,,,,,,,,ALL,True,False,False
10973849,G925fsX,G925fs*,,,none,,,,,,,,,,,ALL,True,False,False
19038855,G925fsX,G925fs*,,,none,,,,,,,,,,,ALL,True,False,False
11854117,G925fsX,G925fs*,,,none,,,,,,,,,,,ALL,True,False,False
15840476,G925R,G925R,,,none,,,,,,,,,,,ALL,True,False,False
22885918,G925R,G925R,,,none,,,,,,,,,,,ALL,True,False,False
15840476,G928fsX,G928fs*,,,none,,,,,,,,,,,ALL,True,False,False
29497013,G965fsX,G965fs*,,,none,,,,,,,,,,,ALL,True,False,False
16923798,G965X,G965*,,,none,,,,,,,,,,,ALL,True,False,False
14661677,H254Q,H254Q,,,none,,,,,,,,1.0,,,ALL,True,False,False
24057343,H302fsX,H302fs*,,,none,,,,,,,,1.0,,,ALL,True,False,False
19136169,H402R,H402R,,,none,,,,,,,,,,,ALL,True,False,False
12808265,H492Y,H492Y,,,none,,,,,,,,,,,ALL,True,False,False
19843919,H492Y,H492Y,,,none,,,,,,,,,,,ALL,True,False,False
24057343,H492Y,H492Y,,,none,,,,,,,,2.0,,,ALL,True,False,False
27816319,H492Y,H492Y,,,none,,,,,,,,3.0,,,ALL,True,False,False
15242738,H562P,H562P,,,none,,,,,,,,1.0,,,ALL,True,False,False
15840476,H562P,H562P,,,none,,,,,,,,,,,ALL,True,False,False
21499742,H562R,H562R,,,none,,,,,,,,,,,ALL,True,False,False
25819988,H562R,H562R,,,none,,,,,,,,4.0,,,ALL,True,False,False
30929919,H562R,H562R,,,none,,,,,,,,1.0,,,ALL,True,False,False
18808722,H674fsX,H674fs*,,,none,,,,,,,,,,,ALL,True,False,False
23631430,H703fsX,H703fs*,,,none,,,,,,,,,,,ALL,True,False,False
10973849,H70R,H70R,,,none,,,,,,,,,,,ALL,True,False,False
11854117,H70R,H70R,,,none,,,,,,,,,,,ALL,True,False,False
15840476,H70R,H70R,,,none,,,,,,,,,,,ALL,True,False,False
22885918,H70R,H70R,,,none,,,,,,,,,,,ALL,True,False,False
10973849,H739fsX,H739fs*,,,none,,,,,,,,,,,ALL,True,False,False
19371231,H771fsX,H771fs*,,,none,,,,,,,,1.0,,,ALL,True,False,False
23098067,H771R,H771R,,,none,,,,,,,,,,,ALL,True,False,False
24606995,I30Del,I30Del,,,none,,,,,,,,,,,ALL,True,False,False
19038855,I30T,I30T,,,none,,,,,,,,,,,ALL,True,False,False
15851119,I31S,I31S,,,none,,,,,,,,,,,ALL,True,False,False
15840476,I31S,I31S,,,none,,,,,,,,,,,ALL,True,False,False
24021552,I400N,I400N,,,none,,,,,,,,1.0,,,ALL,True,False,False
24606995,I400N,I400N,,,none,,,,,,,,,,,ALL,True,False,False
23981618,I414fsX,I414fs*,,,none,,,,,,,,,,,ALL,True,False,False
17905336,I42N,I42N,,,none,,,,,,,,,,,ALL,True,False,False
7889573,I500Del,I500Del,,,none,,,,,,,,,,,ALL,True,False,False
19038855,I560fsX,I560fs*,,,none,,,,,,,,,,,ALL,True,False,False
25974115,I560T,I560T,,,none,,,,,,,,,,,ALL,True,False,False
29759541,I560T,I560T,,,none,,,,,,,,,,,ALL,True,False,False
15840476,I571L,I571L,,,none,,,,,,,,,,,ALL,True,False,False
24103226,I571V,I571V,,,none,,,,,,,,,,,ALL,True,False,False
10973849,I593R,I593R,,,none,,,,,,,,,,,ALL,True,False,False
16922724,I593R,I593R,,,none,,,,,,,,,,,ALL,True,False,False
28438721,I593R,I593R,,,none,,,,,,,,3.0,,,ALL,True,False,False
11854117,I593X,I593*,,,none,,,,,,,,,,,ALL,True,False,False
19038855,I642Del,I642Del,,,none,,,,,,,,,,,ALL,True,False,False
26746457,I711V,I711V,,,none,,,,,,,,,,,ALL,True,False,False
19184172,I782fsX,I782fs*,,,none,,,,,,,,1.0,,,ALL,True,False,False
26496715,I782N,I782N,,,none,,,,,,,,,,,ALL,True,False,False
10973849,I798fsX,I798fs*,,,none,,,,,,,,,,,ALL,True,False,False
15840476,I798fsX,I798fs*,,,none,,,,,,,,,,,ALL,True,False,False
23098067,I82dup,I82dup,,,none,,,,,,,,,,,ALL,True,False,False
23899126,I82T,I82T,,,none,,,,,,,,,,,ALL,True,False,False
24606995,I858T,I858T,,,none,,,,,,,,,,,ALL,True,False,False
24606995,I96T,I96T,,,none,,,,,,,,,,,ALL,True,False,False
15176425,IVS13+1G>A,IVS13+1G>A,,,none,,,,,,,,,,,ALL,True,False,False
24103226,IVS9+5g>t,IVS9+5g>t,,,none,,,,,,,,,,,ALL,True,False,False
19187913,IVS9-28A/G,IVS9-28A/G,,,none,,,,,,,,,,,ALL,True,False,False
29020304,IVS9-28A/G,IVS9-28A/G,,,none,,,,,,,,,,,ALL,True,False,False
15670565,K101E,K101E,,,none,,,,,,,,,,,ALL,True,False,False
24606995,K101E,K101E,,,none,,,,,,,,,,,ALL,True,False,False
15699249,K28E,K28E,,,none,,,,,,,,12.0,,,ALL,True,False,False
16922724,K525N,K525N,,,none,,,,,,,,,,,ALL,True,False,False
10973849,K638Del,K638Del,,,none,,,,,,,,,,,ALL,True,False,False
26831020,K638Del,K638Del,,,none,,,,,,,,,,,ALL,True,False,False
26823142,K638Del,K638Del,,,none,,,,,,,,,,,ALL,True,False,False
10973849,K638E,K638E,,,none,,,,,,,,,,,ALL,True,False,False
11854117,K638E,K638E,,,none,,,,,,,,,,,ALL,True,False,False
22378279,K638E,K638E,,,none,,,,,,,,,,,ALL,True,False,False
10973849,K886fsX,K886fs*,,,none,,,,,,,,,,,ALL,True,False,False
26823142,K897fsX,K897fs*,,,none,,,,,,,,,,,ALL,True,False,False
14661677,K897T,K897T,,,none,,,,,,,,105.0,,,ALL,True,False,False
16116052,K897T,K897T,,,none,,,,,,,,2.0,,,ALL,True,False,False
19322600,K897T,K897T,,,none,,,,,,,,,,,ALL,True,False,False
20636320,K897T,K897T,,,none,,,,,,,,,,,ALL,True,False,False
21779290,K897T,K897T,,,none,,,,,,,,1.0,,,ALL,True,False,False
22407026,K897T,K897T,,,none,,,,,,,,,,,ALL,True,False,False
23277474,K897T,K897T,,,none,,,,,,,,1.0,,,ALL,True,False,False
28749435,K897T,K897T,,,none,,,,,,,,1.0,,,ALL,True,False,False
27871843,K897T,K897T,,,none,,,,,,,,,,,ALL,True,False,False
29121719,K897T,K897T,,,none,,,,,,,,,,,ALL,True,False,False
29214556,K897T,K897T,,,none,,,,,,,,5.0,,,ALL,True,False,False
17210839,K897T,K897T,,,none,,,,,,,,,,,ALL,True,False,False
10862095,K897T,K897T,,,none,,,,,,,,58.0,,,ALL,True,False,False
27345990,L1012fsX,L1012fs*,,,none,,,,,,,,,,,ALL,True,False,False
14661677,L1023Del,L1023Del,,,none,,,,,,,,1.0,,,ALL,True,False,False
22402334,L1045F,L1045F,,,none,,,,,,,,,,,ALL,True,False,False
15840476,L1056fsX,L1056fs*,,,none,,,,,,,,,,,ALL,True,False,False
24218437,L1064fsX,L1064fs*,,,none,,,,,,,,,,,ALL,True,False,False
29650123,L109fsX,L109fs*,,,none,,,,,,,,,,,ALL,True,False,False
24606995,L109P,L109P,,,none,,,,,,,,,,,ALL,True,False,False
17905336,L171Ins,L171Ins,,,none,,,,,,,,,,,ALL,True,False,False
19668779,L234Del,L234Del,,,none,,,,,,,,,,,ALL,True,False,False
14508592,L296fsX,L296fs*,,,none,,,,,,,,2.0,,,ALL,True,False,False
24667783,L343fsX,L343fs*,,,none,,,,,,,,,,,ALL,True,False,False
26496715,L413P,L413P,,,none,,,,,,,,,,,ALL,True,False,False
26496715,L457P,L457P,,,none,,,,,,,,,,,ALL,True,False,False
10841244,L552S,L552S,,,none,,,,,,,,25.0,,,ALL,True,False,False
10973849,L552S,L552S,,,none,,,,,,,,,,,ALL,True,False,False
11854117,L552S,L552S,,,none,,,,,,,,,,,ALL,True,False,False
15840476,L552S,L552S,,,none,,,,,,,,,,,ALL,True,False,False
16754261,L552S,L552S,,,none,,,,,,,,,,,ALL,True,False,False
23098067,L552S,L552S,,,none,,,,,,,,,,,ALL,True,False,False
26063740,L552S,L552S,,,none,,,,,,,,,,,ALL,True,False,False
19160088,L552S,L552S,,,none,,,,,,,,2.0,,,ALL,True,False,False
24667783,L559H,L559H,,,none,,,,,,,,,,,ALL,True,False,False
26496715,L559H,L559H,,,none,,,,,,,,,,,ALL,True,False,False
22402334,L586M,L586M,,,none,,,,,,,,,,,ALL,True,False,False
10973849,L615V,L615V,,,none,,,,,,,,,,,ALL,True,False,False
15840476,L622F,L622F,,,none,,,,,,,,,,,ALL,True,False,False
32253972,L69P,L69P,,,none,,,,,,,,,,,ALL,True,False,False
30036649,L776P,L776P,,,none,,,,,,,,,,,ALL,True,False,False
29650123,L779P,L779P,,,none,,,,,,,,,,,ALL,True,False,False
10973849,L799sp,L799sp,,,none,,,,,,,,,,,ALL,True,False,False
11854117,L799sp,L799sp,,,none,,,,,,,,,,,ALL,True,False,False
15840476,L799sp,L799sp,,,none,,,,,,,,,,,ALL,True,False,False
10973849,L86R,L86R,,,none,,,,,,,,,,,ALL,True,False,False
11854117,L86R,L86R,,,none,,,,,,,,,,,ALL,True,False,False
12402336,L87P,L87P,,,none,,,,,,,,,,,ALL,True,False,False
26823142,L908fsX,L908fs*,,,none,,,,,,,,,,,ALL,True,False,False
18675227,L955V,L955V,,,none,,,,,,,,2.0,,,ALL,True,False,False
29650123,L987fsX,L987fs*,,,none,,,,,,,,,,,ALL,True,False,False
26496715,L987fsX,L987fs*,,,none,,,,,,,,,,,ALL,True,False,False
29622001,L987fsX,L987fs*,,,none,,,,,,,,,,,ALL,True,False,False
23098067,L987fsX,L987fs*,,,none,,,,,,,,,,,ALL,True,False,False
11854117,M124R,M124R,,,none,,,,,,,,,,,ALL,True,False,False
11844290,M124R,M124R,,,none,,,,,,,,2.0,,,ALL,True,False,False
16029385,M124R,M124R,,,none,,,,,,,,,,,ALL,True,False,False
15043509,M124T,M124T,,,none,,,,,,,,1.0,,,ALL,True,False,False
23546179,M579fsX,M579fs*,,,none,,,,,,,,,,,ALL,True,False,False
26076856,M645I,M645I,,,none,,,,,,,,,,,ALL,True,False,False
10973849,M645L,M645L,,,none,,,,,,,,,,,ALL,True,False,False
19038855,M645L,M645L,,,none,,,,,,,,,,,ALL,True,False,False
22407026,M645R,M645R,,,none,,,,,,,,,,,ALL,True,False,False
29121719,M645R,M645R,,,none,,,,,,,,,,,ALL,True,False,False
14998624,M645V,M645V,,,none,,,,,,,,,,,ALL,True,False,False
24667783,M645V,M645V,,,none,,,,,,,,,,,ALL,True,False,False
19843919,M756V,M756V,,,none,,,,,,,,1.0,,,ALL,True,False,False
14661677,N257H,N257H,,,none,,,,,,,,1.0,,,ALL,True,False,False
10973849,N33T,N33T,,,none,,,,,,,,,,,ALL,True,False,False
11854117,N33T,N33T,,,none,,,,,,,,,,,ALL,True,False,False
14661677,N33T,N33T,,,none,,,,,,,,1.0,,,ALL,True,False,False
23237912,N45D,N45D,,,none,,,,,,,,1.0,,,ALL,True,False,False
7889573,N470D,N470D,,,none,,,,,,,,,,,ALL,True,False,False
14642687,N470D,N470D,,,none,,,,,,,,,,,ALL,True,False,False
9693036,N588D,N588D,,,none,,,,,,,,,,,ALL,True,False,False
15840476,N588D,N588D,,,none,,,,,,,,,,,ALL,True,False,False
14676148,N588K,N588K,,,none,,,,,,,,,,,ALL,True,False,False
29759541,N588K,N588K,,,none,,,,,,,,,,,ALL,True,False,False
9544837,N629D,N629D,,,none,,,,,,,,,,,ALL,True,False,False
19038855,N629I,N629I,,,none,,,,,,,,,,,ALL,True,False,False
10517660,N629K,N629K,,,none,,,,,,,,,,,ALL,True,False,False
9544837,N629S,N629S,,,none,,,,,,,,,,,ALL,True,False,False
11854117,N629S,N629S,,,none,,,,,,,,,,,ALL,True,False,False
24606995,N629S,N629S,,,none,,,,,,,,,,,ALL,True,False,False
24667783,N629S,N629S,,,none,,,,,,,,,,,ALL,True,False,False
26496715,N629S,N629S,,,none,,,,,,,,,,,ALL,True,False,False
29622001,N629S,N629S,,,none,,,,,,,,,,,ALL,True,False,False
17905336,N629T,N629T,,,none,,,,,,,,,,,ALL,True,False,False
16155735,N633D,N633D,,,none,,,,,,,,,,,ALL,True,False,False
18593567,N633D,N633D,,,none,,,,,,,,,,,ALL,True,False,False
9544837,N633S,N633S,,,none,,,,,,,,,,,ALL,True,False,False
15840476,N633S,N633S,,,none,,,,,,,,,,,ALL,True,False,False
19996378,N633S,N633S,,,none,,,,,,,,,,,ALL,True,False,False
24606995,N633S,N633S,,,none,,,,,,,,,,,ALL,True,False,False
26496715,N633S,N633S,,,none,,,,,,,,,,,ALL,True,False,False
29650123,N633S,N633S,,,none,,,,,,,,,,,ALL,True,False,False
15840476,N635I,N635I,,,none,,,,,,,,,,,ALL,True,False,False
10973849,N861I,N861I,,,none,,,,,,,,,,,ALL,True,False,False
11854117,N861I,N861I,,,none,,,,,,,,,,,ALL,True,False,False
16043162,N985S,N985S,,,none,,,,,,,,,,,ALL,True,False,False
15840476,N996I,N996I,,,none,,,,,,,,,,,ALL,True,False,False
26496715,P1034fsX,P1034fs*,,,none,,,,,,,,,,,ALL,True,False,False
15840476,P1034fsX,P1034fs*,,,none,,,,,,,,,,,ALL,True,False,False
29622001,P1034fsX,P1034fs*,,,none,,,,,,,,,,,ALL,True,False,False
17905336,P1075L,P1075L,,,none,,,,,,,,,,,ALL,True,False,False
10973849,P1101fsX,P1101fs*,,,none,,,,,,,,,,,ALL,True,False,False
27871843,P1122fsX,P1122fs*,,,none,,,,,,,,,,,ALL,True,False,False
15572050,P1122fsX,P1122fs*,,,none,,,,,,,,,,,ALL,True,False,False
23631430,P1122R,P1122R,,,none,,,,,,,,,,,ALL,True,False,False
23631430,P1132A,P1132A,,,none,,,,,,,,,,,ALL,True,False,False
16922724,P114S,P114S,,,none,,,,,,,,1.0,,,ALL,True,False,False
23465283,P1157L,P1157L,,,none,,,,,,,,,,,ALL,True,False,False
10973849,P141fsX,P141fs*,,,none,,,,,,,,,,,ALL,True,False,False
24606995,P151fsX,P151fs*,,,none,,,,,,,,,,,ALL,True,False,False
15840476,P151fsX,P151fs*,,,none,,,,,,,,,,,ALL,True,False,False
10973849,P151fsX,P151fs*,,,none,,,,,,,,,,,ALL,True,False,False
16922724,P151fsX,P151fs*,,,none,,,,,,,,,,,ALL,True,False,False
10862094,P151fsX,P151fs*,,,none,,,,,,,,15.0,,,ALL,True,False,False
26496715,P191fsX,P191fs*,,,none,,,,,,,,,,,ALL,True,False,False
10973849,P241fsX,P241fs*,,,none,,,,,,,,,,,ALL,True,False,False
19038855,P241L,P241L,,,none,,,,,,,,,,,ALL,True,False,False
14661677,P251A,P251A,,,none,,,,,,,,1.0,,,ALL,True,False,False
22882672,P297S,P297S,,,none,,,,,,,,,,,ALL,True,False,False
10973849,P347S,P347S,,,none,,,,,,,,,,,ALL,True,False,False
12402336,P347S,P347S,,,none,,,,,,,,,,,ALL,True,False,False
14661677,P347S,P347S,,,none,,,,,,,,1.0,,,ALL,True,False,False
17531263,P347S,P347S,,,none,,,,,,,,7.0,,,ALL,True,False,False
21410720,P347S,P347S,,,none,,,,,,,,,,,ALL,True,False,False
22378279,P347S,P347S,,,none,,,,,,,,,,,ALL,True,False,False
19322600,P408A,P408A,,,none,,,,,,,,,,,ALL,True,False,False
10862094,P451L,P451L,,,none,,,,,,,,2.0,,,ALL,True,False,False
11854117,P596L,P596L,,,none,,,,,,,,,,,ALL,True,False,False
24667783,P596L,P596L,,,none,,,,,,,,,,,ALL,True,False,False
15840476,P596R,P596R,,,none,,,,,,,,,,,ALL,True,False,False
26496715,P596S,P596S,,,none,,,,,,,,,,,ALL,True,False,False
10973849,P632S,P632S,,,none,,,,,,,,,,,ALL,True,False,False
22727609,P632S,P632S,,,none,,,,,,,,,,,ALL,True,False,False
15840476,P721L,P721L,,,none,,,,,,,,,,,ALL,True,False,False
10973849,P72Q,P72Q,,,none,,,,,,,,,,,ALL,True,False,False
11854117,P72Q,P72Q,,,none,,,,,,,,,,,ALL,True,False,False
24667783,P72R,P72R,,,none,,,,,,,,,,,ALL,True,False,False
26496715,P72T,P72T,,,none,,,,,,,,,,,ALL,True,False,False
28532774,P846S,P846S,,,none,,,,,,,,,,,ALL,True,False,False
20975234,P846T,P846T,,,none,,,,,,,,,,,ALL,True,False,False
12402336,P872fsX,P872fs*,,,none,,,,,,,,,,,ALL,True,False,False
19038855,P872fsX,P872fs*,,,none,,,,,,,,,,,ALL,True,False,False
15958262,P872fsX,P872fs*,,,none,,,,,,,,2.0,,,ALL,True,False,False
15851119,P910fsX,P910fs*,,,none,,,,,,,,,,,ALL,True,False,False
15840476,P910fsX,P910fs*,,,none,,,,,,,,,,,ALL,True,False,False
14661677,P910L,P910L,,,none,,,,,,,,1.0,,,ALL,True,False,False
10973849,P917L,P917L,,,none,,,,,,,,,,,ALL,True,False,False
11854117,P917L,P917L,,,none,,,,,,,,,,,ALL,True,False,False
14661677,P917L,P917L,,,none,,,,,,,,3.0,,,ALL,True,False,False
24606995,P923fsX,P923fs*,,,none,,,,,,,,,,,ALL,True,False,False
16155735,P923fsX,P923fs*,,,none,,,,,,,,,,,ALL,True,False,False
18593567,P923fsX,P923fs*,,,none,,,,,,,,,,,ALL,True,False,False
26496715,P926fsX,P926fs*,,,none,,,,,,,,,,,ALL,True,False,False
29739726,P926fsX,P926fs*,,,none,,,,,,,,,,,ALL,True,False,False
16922724,P926fsX,P926fs*,,,none,,,,,,,,,,,ALL,True,False,False
26496715,P926S,P926S,,,none,,,,,,,,,,,ALL,True,False,False
24103226,P946fsX,P946fs*,,,none,,,,,,,,,,,ALL,True,False,False
29331839,P963T,P963T,,,none,,,,,,,,2.0,,,ALL,True,False,False
14661677,P967L,P967L,,,none,,,,,,,,1.0,,,ALL,True,False,False
15913580,P967L,P967L,,,none,,,,,,,,,,,ALL,True,False,False
29752375,P967L,P967L,,,none,,,,,,,,,,,ALL,True,False,False
10973849,P968fsX,P968fs*,,,none,,,,,,,,,,,ALL,True,False,False
11854117,P968fsX,P968fs*,,,none,,,,,,,,,,,ALL,True,False,False
21070882,P968L,P968L,,,none,,,,,,,,1.0,,,ALL,True,False,False
10973849,P986fsX,P986fs*,,,none,,,,,,,,,,,ALL,True,False,False
21063070,Q1046X,Q1046*,,,none,,,,,,,,,,,ALL,True,False,False
29650123,Q1046X,Q1046*,,,none,,,,,,,,,,,ALL,True,False,False
14661677,Q1068R,Q1068R,,,none,,,,,,,,1.0,,,ALL,True,False,False
15913580,Q1068R,Q1068R,,,none,,,,,,,,,,,ALL,True,False,False
18362022,Q1070X,Q1070*,,,none,,,,,,,,3.0,,,ALL,True,False,False
19184172,Q1070X,Q1070*,,,none,,,,,,,,2.0,,,ALL,True,False,False
26496715,Q247X,Q247*,,,none,,,,,,,,,,,ALL,True,False,False
10973849,Q376sp,Q376sp,,,none,,,,,,,,,,,ALL,True,False,False
11854117,Q376sp,Q376sp,,,none,,,,,,,,,,,ALL,True,False,False
15840476,Q376sp,Q376sp,,,none,,,,,,,,,,,ALL,True,False,False
18508782,Q376sp,Q376sp,,,none,,,,,,,,1.0,,,ALL,True,False,False
23098067,Q61R,Q61R,,,none,,,,,,,,,,,ALL,True,False,False
19038855,Q676fsX,Q676fs*,,,none,,,,,,,,,,,ALL,True,False,False
29622001,Q725fsX,Q725fs*,,,none,,,,,,,,,,,ALL,True,False,False
19157587,Q738X,Q738*,,,none,,,,,,,,,,,ALL,True,False,False
20167303,Q81H,Q81H,,,none,,,,,,,,1.0,,,ALL,True,False,False
10973849,Q81X,Q81*,,,none,,,,,,,,,,,ALL,True,False,False
15840476,Q901fsX,Q901fs*,,,none,,,,,,,,,,,ALL,True,False,False
15851119,R1005fsX,R1005fs*,,,none,,,,,,,,,,,ALL,True,False,False
15840476,R1005fsX,R1005fs*,,,none,,,,,,,,,,,ALL,True,False,False
22429796,R1007H,R1007H,,,none,,,,,,,,1.0,,,ALL,True,False,False
16922724,R100G,R100G,,,none,,,,,,,,,,,ALL,True,False,False
15840476,R100Q,R100Q,,,none,,,,,,,,,,,ALL,True,False,False
16923798,R1014fsX,R1014fs*,,,none,,,,,,,,5.0,,,ALL,True,False,False
10973849,R1014X,R1014*,,,none,,,,,,,,,,,ALL,True,False,False
15840476,R1014X,R1014*,,,none,,,,,,,,,,,ALL,True,False,False
17576861,R1014X,R1014*,,,none,,,,,,,,9.0,,,ALL,True,False,False
14642691,R1014X,R1014*,,,none,,,,,,,,,,,ALL,True,False,False
26496715,R1032fsX,R1032fs*,,,none,,,,,,,,,,,ALL,True,False,False
16922724,R1032fsX,R1032fs*,,,none,,,,,,,,,,,ALL,True,False,False
15840476,R1033fsX,R1033fs*,,,none,,,,,,,,,,,ALL,True,False,False
29650123,R1035fsX,R1035fs*,,,none,,,,,,,,,,,ALL,True,False,False
21063070,R1035fsX,R1035fs*,,,none,,,,,,,,,,,ALL,True,False,False
14661677,R1035W,R1035W,,,none,,,,,,,,1.0,,,ALL,True,False,False
14556882,R1047L,R1047L,,,none,,,,,,,,2.0,,,ALL,True,False,False
14661677,R1047L,R1047L,,,none,,,,,,,,8.0,,,ALL,True,False,False
19322600,R1047L,R1047L,,,none,,,,,,,,,,,ALL,True,False,False
20167303,R1047L,R1047L,,,none,,,,,,,,,,,ALL,True,False,False
21964171,R1047L,R1047L,,,none,,,,,,,,,,,ALL,True,False,False
22727609,R1047L,R1047L,,,none,,,,,,,,,,,ALL,True,False,False
23936059,R1047L,R1047L,,,none,,,,,,,,,,,ALL,True,False,False
23571586,R1047L,R1047L,,,none,,,,,,,,,,,ALL,True,False,False
26412604,R1047L,R1047L,,,none,,,,,,,,3.0,,,ALL,True,False,False
15913580,R1047L,R1047L,,,none,,,,,,,,,,,ALL,True,False,False
18692916,R1135H,R1135H,,,none,,,,,,,,2.0,,,ALL,True,False,False
24400717,R1135H,R1135H,,,none,,,,,,,,,,,ALL,True,False,False
29759541,R1135H,R1135H,,,none,,,,,,,,,,,ALL,True,False,False
27871843,R1135H,R1135H,,,none,,,,,,,,,,,ALL,True,False,False
24606995,R148fsX,R148fs*,,,none,,,,,,,,,,,ALL,True,False,False
19322600,R148W,R148W,,,none,,,,,,,,1.0,,,ALL,True,False,False
21410720,R148W,R148W,,,none,,,,,,,,,,,ALL,True,False,False
23631430,R148W,R148W,,,none,,,,,,,,,,,ALL,True,False,False
23465283,R148W,R148W,,,none,,,,,,,,,,,ALL,True,False,False
24334129,R148W,R148W,,,none,,,,,,,,12.0,,,ALL,True,False,False
29650123,R148W,R148W,,,none,,,,,,,,,,,ALL,True,False,False
24400717,R164C,R164C,,,none,,,,,,,,,,,ALL,True,False,False
22429796,R164H,R164H,,,none,,,,,,,,1.0,,,ALL,True,False,False
10862094,R176W,R176W,,,none,,,,,,,,2.0,,,ALL,True,False,False
14661677,R176W,R176W,,,none,,,,,,,,1.0,,,ALL,True,False,False
16754261,R176W,R176W,,,none,,,,,,,,,,,ALL,True,False,False
16818214,R176W,R176W,,,none,,,,,,,,,,,ALL,True,False,False
19160088,R176W,R176W,,,none,,,,,,,,16.0,,,ALL,True,False,False
19038855,R176W,R176W,,,none,,,,,,,,,,,ALL,True,False,False
23098067,R176W,R176W,,,none,,,,,,,,,,,ALL,True,False,False
22067087,R176W,R176W,,,none,,,,,,,,,,,ALL,True,False,False
24606995,R176W,R176W,,,none,,,,,,,,,,,ALL,True,False,False
24667783,R176W,R176W,,,none,,,,,,,,,,,ALL,True,False,False
29650123,R176W,R176W,,,none,,,,,,,,,,,ALL,True,False,False
22429796,R176W,R176W,,,none,,,,,,,,,,,ALL,True,False,False
26063740,R176W,R176W,,,none,,,,,,,,1.0,,,ALL,True,False,False
15840476,R181fsX,R181fs*,,,none,,,,,,,,,,,ALL,True,False,False
14661677,R181Q,R181Q,,,none,,,,,,,,4.0,,,ALL,True,False,False
15913580,R181Q,R181Q,,,none,,,,,,,,,,,ALL,True,False,False
21216356,R181W,R181W,,,none,,,,,,,,,,,ALL,True,False,False
19038855,R252fsX,R252fs*,,,none,,,,,,,,,,,ALL,True,False,False
23571586,R25W,R25W,,,none,,,,,,,,,,,ALL,True,False,False
25626866,R25W,R25W,,,none,,,,,,,,7.0,,,ALL,True,False,False
17210839,R273Q,R273Q,,,none,,,,,,,,,,,ALL,True,False,False
15176425,R273X,R273*,,,none,,,,,,,,,,,ALL,True,False,False
29622001,R273X,R273*,,,none,,,,,,,,,,,ALL,True,False,False
29622001,R281fsX,R281fs*,,,none,,,,,,,,,,,ALL,True,False,False
10973849,R312C,R312C,,,none,,,,,,,,,,,ALL,True,False,False
30246897,R312C,R312C,,,none,,,,,,,,,,,ALL,True,False,False
15840476,R326fsX,R326fs*,,,none,,,,,,,,,,,ALL,True,False,False
16253915,R328C,R328C,,,none,,,,,,,,1.0,,,ALL,True,False,False
15840476,R328C,R328C,,,none,,,,,,,,,,,ALL,True,False,False
16922724,R328C,R328C,,,none,,,,,,,,,,,ALL,True,False,False
23098067,R328C,R328C,,,none,,,,,,,,,,,ALL,True,False,False
29650123,R328C,R328C,,,none,,,,,,,,,,,ALL,True,False,False
17905336,R328fsX,R328fs*,,,none,,,,,,,,,,,ALL,True,False,False
26066609,R35W,R35W,,,none,,,,,,,,,,,ALL,True,False,False
15840476,R366X,R366*,,,none,,,,,,,,,,,ALL,True,False,False
19038855,R366X,R366*,,,none,,,,,,,,,,,ALL,True,False,False
24606995,R366X,R366*,,,none,,,,,,,,,,,ALL,True,False,False
26496715,R366X,R366*,,,none,,,,,,,,,,,ALL,True,False,False
29020304,R366X,R366*,,,none,,,,,,,,,,,ALL,True,False,False
16922724,R528P,R528P,,,none,,,,,,,,,,,ALL,True,False,False
24606995,R531Del,R531Del,,,none,,,,,,,,,,,ALL,True,False,False
10973849,R531Q,R531Q,,,none,,,,,,,,,,,ALL,True,False,False
28532774,R531W,R531W,,,none,,,,,,,,,,,ALL,True,False,False
9600240,R534C,R534C,,,none,,,,,,,,,,,ALL,True,False,False
10987356,R534C,R534C,,,none,,,,,,,,1.0,,,ALL,True,False,False
12808265,R534C,R534C,,,none,,,,,,,,,,,ALL,True,False,False
15840476,R534C,R534C,,,none,,,,,,,,,,,ALL,True,False,False
17905336,R534C,R534C,,,none,,,,,,,,,,,ALL,True,False,False
19038855,R534C,R534C,,,none,,,,,,,,,,,ALL,True,False,False
21308345,R534C,R534C,,,none,,,,,,,,,,,ALL,True,False,False
22727609,R534C,R534C,,,none,,,,,,,,,,,ALL,True,False,False
24667783,R534C,R534C,,,none,,,,,,,,,,,ALL,True,False,False
26496715,R534C,R534C,,,none,,,,,,,,,,,ALL,True,False,False
29650123,R534C,R534C,,,none,,,,,,,,,,,ALL,True,False,False
19184172,R537W,R537W,,,none,,,,,,,,1.0,,,ALL,True,False,False
10973849,R56Q,R56Q,,,none,,,,,,,,,,,ALL,True,False,False
11854117,R56Q,R56Q,,,none,,,,,,,,,,,ALL,True,False,False
10220144,R582C,R582C,,,none,,,,,,,,6.0,,,ALL,True,False,False
15840476,R582C,R582C,,,none,,,,,,,,,,,ALL,True,False,False
19038855,R582C,R582C,,,none,,,,,,,,,,,ALL,True,False,False
24667783,R582C,R582C,,,none,,,,,,,,,,,ALL,True,False,False
29881912,R62Q,R62Q,,,none,,,,,,,,,,,ALL,True,False,False
23207121,R694H,R694H,,,none,,,,,,,,1.0,,,ALL,True,False,False
16922724,R696C,R696C,,,none,,,,,,,,,,,ALL,True,False,False
30036649,R696C,R696C,,,none,,,,,,,,,,,ALL,True,False,False
10973849,R73fsX,R73fs*,,,none,,,,,,,,,,,ALL,True,False,False
15840476,R73fsX,R73fs*,,,none,,,,,,,,,,,ALL,True,False,False
19038855,R73fsX,R73fs*,,,none,,,,,,,,,,,ALL,True,False,False
26118593,R744fsX,R744fs*,,,none,,,,,,,,,,,ALL,True,False,False
18593567,R744fsX,R744fs*,,,none,,,,,,,,,,,ALL,True,False,False
22314138,R744P,R744P,,,none,,,,,,,,,,,ALL,True,False,False
26746457,R744Q,R744Q,,,none,,,,,,,,,,,ALL,True,False,False
11802537,R744X,R744*,,,none,,,,,,,,,,,ALL,True,False,False
11854117,R744X,R744*,,,none,,,,,,,,,,,ALL,True,False,False
29650123,R744X,R744*,,,none,,,,,,,,,,,ALL,True,False,False
26271031,R752P,R752P,,,none,,,,,,,,20.0,,,ALL,True,False,False
12621127,R752Q,R752Q,,,none,,,,,,,,3.0,,,ALL,True,False,False
11009462,R752W,R752W,,,none,,,,,,,,3.0,,,ALL,True,False,False
10973849,R752W,R752W,,,none,,,,,,,,,,,ALL,True,False,False
11332568,R752W,R752W,,,none,,,,,,,,8.0,,,ALL,True,False,False
11854117,R752W,R752W,,,none,,,,,,,,,,,ALL,True,False,False
11844290,R752W,R752W,,,none,,,,,,,,12.0,,,ALL,True,False,False
23098067,R752W,R752W,,,none,,,,,,,,,,,ALL,True,False,False
29431731,R752W,R752W,,,none,,,,,,,,,,,ALL,True,False,False
11997281,R784W,R784W,,,none,,,,,,,,,,,ALL,True,False,False
15840476,R784W,R784W,,,none,,,,,,,,,,,ALL,True,False,False
12402336,R823fsX,R823fs*,,,none,,,,,,,,,,,ALL,True,False,False
27871843,R823T,R823T,,,none,,,,,,,,,,,ALL,True,False,False
10973849,R823W,R823W,,,none,,,,,,,,,,,ALL,True,False,False
11854117,R823W,R823W,,,none,,,,,,,,,,,ALL,True,False,False
19695459,R823W,R823W,,,none,,,,,,,,,,,ALL,True,False,False
23631430,R823W,R823W,,,none,,,,,,,,,,,ALL,True,False,False
26496715,R823W,R823W,,,none,,,,,,,,,,,ALL,True,False,False
27871843,R823W,R823W,,,none,,,,,,,,,,,ALL,True,False,False
26937396,R835fsX,R835fs*,,,none,,,,,,,,1.0,,,ALL,True,False,False
25140878,R835Q,R835Q,,,none,,,,,,,,2.0,,,ALL,True,False,False
14998625,R835W,R835W,,,none,,,,,,,,,,,ALL,True,False,False
14714110,R863X,R863*,,,none,,,,,,,,,,,ALL,True,False,False
15840476,R863X,R863*,,,none,,,,,,,,,,,ALL,True,False,False
22515331,R863X,R863*,,,none,,,,,,,,,,,ALL,True,False,False
26496715,R863X,R863*,,,none,,,,,,,,,,,ALL,True,False,False
26746457,R883W,R883W,,,none,,,,,,,,1.0,,,ALL,True,False,False
17210839,R885C,R885C,,,none,,,,,,,,,,,ALL,True,False,False
22378279,R885C,R885C,,,none,,,,,,,,,,,ALL,True,False,False
23465283,R885C,R885C,,,none,,,,,,,,,,,ALL,True,False,False
15840476,R887H,R887H,,,none,,,,,,,,,,,ALL,True,False,False
22378279,R887H,R887H,,,none,,,,,,,,,,,ALL,True,False,False
29650123,R892fsX,R892fs*,,,none,,,,,,,,,,,ALL,True,False,False
28532774,R894C,R894C,,,none,,,,,,,,,,,ALL,True,False,False
22382559,R894fsX,R894fs*,,,none,,,,,,,,,,,ALL,True,False,False
26496715,R912W,R912W,,,none,,,,,,,,,,,ALL,True,False,False
15851119,R920fsX,R920fs*,,,none,,,,,,,,,,,ALL,True,False,False
15840476,R920fsX,R920fs*,,,none,,,,,,,,,,,ALL,True,False,False
10973849,R920fsX,R920fs*,,,none,,,,,,,,,,,ALL,True,False,False
11854117,R920fsX,R920fs*,,,none,,,,,,,,,,,ALL,True,False,False
23631430,R920Q,R920Q,,,none,,,,,,,,,,,ALL,True,False,False
15840476,R922fsX,R922fs*,,,none,,,,,,,,,,,ALL,True,False,False
10973849,R922W,R922W,,,none,,,,,,,,,,,ALL,True,False,False
29121719,R92C,R92C,,,none,,,,,,,,,,,ALL,True,False,False
16922724,R948C,R948C,,,none,,,,,,,,,,,ALL,True,False,False
19695459,R948S,R948S,,,none,,,,,,,,,,,ALL,True,False,False
18675227,R954C,R954C,,,none,,,,,,,,2.0,,,ALL,True,False,False
17210839,R954C,R954C,,,none,,,,,,,,,,,ALL,True,False,False
27871843,S1021fsX,S1021fs*,,,none,,,,,,,,,,,ALL,True,False,False
21216356,S1028Del,S1028Del,,,none,,,,,,,,,,,ALL,True,False,False
24606995,S1029fsX,S1029fs*,,,none,,,,,,,,,,,ALL,True,False,False
17210839,S1040G,S1040G,,,none,,,,,,,,,,,ALL,True,False,False
15840476,S1057fsX,S1057fs*,,,none,,,,,,,,,,,ALL,True,False,False
15840476,S182X,S182*,,,none,,,,,,,,,,,ALL,True,False,False
19996378,S24fsX,S24fs*,,,none,,,,,,,,1.0,,,ALL,True,False,False
11854117,S26I,S26I,,,none,,,,,,,,,,,ALL,True,False,False
15840476,S26I,S26I,,,none,,,,,,,,,,,ALL,True,False,False
15840476,S320L,S320L,,,none,,,,,,,,,,,ALL,True,False,False
19695459,S320L,S320L,,,none,,,,,,,,,,,ALL,True,False,False
16922724,S320X,S320*,,,none,,,,,,,,,,,ALL,True,False,False
24606995,S428fsX,S428fs*,,,none,,,,,,,,,,,ALL,True,False,False
11854117,S428L,S428L,,,none,,,,,,,,,,,ALL,True,False,False
24606995,S428L,S428L,,,none,,,,,,,,,,,ALL,True,False,False
28438721,S428L,S428L,,,none,,,,,,,,4.0,,,ALL,True,False,False
11854117,S428X,S428*,,,none,,,,,,,,,,,ALL,True,False,False
24667783,S428X,S428*,,,none,,,,,,,,,,,ALL,True,False,False
29020304,S428X,S428*,,,none,,,,,,,,,,,ALL,True,False,False
10862094,S543fsX,S543fs*,,,none,,,,,,,,,,,ALL,True,False,False
15840476,S55L,S55L,,,none,,,,,,,,,,,ALL,True,False,False
18508782,S55L,S55L,,,none,,,,,,,,2.0,,,ALL,True,False,False
22104571,S606F,S606F,,,none,,,,,,,,,,,ALL,True,False,False
26066609,S620G,S620G,,,none,,,,,,,,,,,ALL,True,False,False
26496715,S620I,S620I,,,none,,,,,,,,,,,ALL,True,False,False
23631430,S620N,S620N,,,none,,,,,,,,,,,ALL,True,False,False
14998624,S621N,S621N,,,none,,,,,,,,,,,ALL,True,False,False
24606995,S621N,S621N,,,none,,,,,,,,,,,ALL,True,False,False
20167303,S621R,S621R,,,none,,,,,,,,,,,ALL,True,False,False
29766883,S624R,S624R,,,none,,,,,,,,,,,ALL,True,False,False
15840476,S641F,S641F,,,none,,,,,,,,,,,ALL,True,False,False
29650123,S660L,S660L,,,none,,,,,,,,,,,ALL,True,False,False
15028050,S706C,S706C,,,none,,,,,,,,,,,ALL,True,False,False
19695459,S706F,S706F,,,none,,,,,,,,,,,ALL,True,False,False
19843919,S706F,S706F,,,none,,,,,,,,1.0,,,ALL,True,False,False
16379539,S735L,S735L,,,none,,,,,,,,2.0,,,ALL,True,False,False
10086971,S818L,S818L,,,none,,,,,,,,1.0,,,ALL,True,False,False
23098067,S818L,S818L,,,none,,,,,,,,,,,ALL,True,False,False
24667783,S818L,S818L,,,none,,,,,,,,,,,ALL,True,False,False
26496715,S818L,S818L,,,none,,,,,,,,,,,ALL,True,False,False
29650123,S818P,S818P,,,none,,,,,,,,,,,ALL,True,False,False
26496715,S818W,S818W,,,none,,,,,,,,,,,ALL,True,False,False
30036649,S818W,S818W,,,none,,,,,,,,,,,ALL,True,False,False
24667783,S855R,S855R,,,none,,,,,,,,,,,ALL,True,False,False
26823142,S871fsX,S871fs*,,,none,,,,,,,,,,,ALL,True,False,False
24667783,S890C,S890C,,,none,,,,,,,,,,,ALL,True,False,False
23631430,S937N,S937N,,,none,,,,,,,,,,,ALL,True,False,False
23631430,S988fsX,S988fs*,,,none,,,,,,,,,,,ALL,True,False,False
22727609,T1054fsX,T1054fs*,,,none,,,,,,,,,,,ALL,True,False,False
29622001,T1054fsX,T1054fs*,,,none,,,,,,,,,,,ALL,True,False,False
26022375,T1083fsX,T1083fs*,,,none,,,,,,,,,,,ALL,True,False,False
29622001,T152fsX,T152fs*,,,none,,,,,,,,,,,ALL,True,False,False
23098067,T152fsX,T152fs*,,,none,,,,,,,,,,,ALL,True,False,False
28049825,T152fsX,T152fs*,,,none,,,,,,,,,,,ALL,True,False,False
24400717,T152I,T152I,,,none,,,,,,,,,,,ALL,True,False,False
29396286,T353S,T353S,,,none,,,,,,,,1.0,,,ALL,True,False,False
14661677,T367S,T367S,,,none,,,,,,,,1.0,,,ALL,True,False,False
7889573,T421fsX,T421fs*,,,none,,,,,,,,,,,ALL,True,False,False
15840476,T421M,T421M,,,none,,,,,,,,,,,ALL,True,False,False
11854117,T436M,T436M,,,none,,,,,,,,,,,ALL,True,False,False
26129877,T436M,T436M,,,none,,,,,,,,1.0,,,ALL,True,False,False
26496715,T443fsX,T443fs*,,,none,,,,,,,,,,,ALL,True,False,False
23010577,T473P,T473P,,,none,,,,,,,,,,,ALL,True,False,False
23631430,T474I,T474I,,,none,,,,,,,,,,,ALL,True,False,False
26173150,T613A,T613A,,,none,,,,,,,,,,,ALL,True,False,False
24218437,T613K,T613K,,,none,,,,,,,,,,,ALL,True,False,False
23995044,T613L,T613L,,,none,,,,,,,,,,,ALL,True,False,False
10220144,T613M,T613M,,,none,,,,,,,,,,,ALL,True,False,False
10862094,T613M,T613M,,,none,,,,,,,,,,,ALL,True,False,False
10973849,T613M,T613M,,,none,,,,,,,,,,,ALL,True,False,False
11854117,T613M,T613M,,,none,,,,,,,,,,,ALL,True,False,False
15466642,T613M,T613M,,,none,,,,,,,,,,,ALL,True,False,False
14720170,T613M,T613M,,,none,,,,,,,,,,,ALL,True,False,False
14998624,T613M,T613M,,,none,,,,,,,,,,,ALL,True,False,False
15090700,T613M,T613M,,,none,,,,,,,,,,,ALL,True,False,False
16379539,T613M,T613M,,,none,,,,,,,,,,,ALL,True,False,False
15840476,T613M,T613M,,,none,,,,,,,,,,,ALL,True,False,False
16922724,T613M,T613M,,,none,,,,,,,,,,,ALL,True,False,False
19731233,T613M,T613M,,,none,,,,,,,,,,,ALL,True,False,False
19038855,T613M,T613M,,,none,,,,,,,,,,,ALL,True,False,False
19996378,T613M,T613M,,,none,,,,,,,,,,,ALL,True,False,False
20197117,T613M,T613M,,,none,,,,,,,,,,,ALL,True,False,False
22402334,T613M,T613M,,,none,,,,,,,,,,,ALL,True,False,False
24973560,T613M,T613M,,,none,,,,,,,,1.0,,,ALL,True,False,False
24667783,T613M,T613M,,,none,,,,,,,,,,,ALL,True,False,False
26496715,T613M,T613M,,,none,,,,,,,,,,,ALL,True,False,False
29766883,T613M,T613M,,,none,,,,,,,,1.0,,,ALL,True,False,False
30036649,T613M,T613M,,,none,,,,,,,,,,,ALL,True,False,False
21130771,T618I,T618I,,,none,,,,,,,,,,,ALL,True,False,False
29759541,T618I,T618I,,,none,,,,,,,,,,,ALL,True,False,False
30582453,T618I,T618I,,,none,,,,,,,,,,,ALL,True,False,False
25974115,T618I,T618I,,,none,,,,,,,,,,,ALL,True,False,False
15840476,T623I,T623I,,,none,,,,,,,,,,,ALL,True,False,False
29766883,T623I,T623I,,,none,,,,,,,,1.0,,,ALL,True,False,False
26496715,T634P,T634P,,,none,,,,,,,,,,,ALL,True,False,False
12354768,T65P,T65P,,,none,,,,,,,,2.0,,,ALL,True,False,False
15840476,T65P,T65P,,,none,,,,,,,,,,,ALL,True,False,False
16922724,T65P,T65P,,,none,,,,,,,,,,,ALL,True,False,False
29766883,T65P,T65P,,,none,,,,,,,,2.0,,,ALL,True,False,False
29622001,T74fsX,T74fs*,,,none,,,,,,,,,,,ALL,True,False,False
24606995,T74M,T74M,,,none,,,,,,,,,,,ALL,True,False,False
29146210,T826I,T826I,,,none,,,,,,,,,,,ALL,True,False,False
18596570,T895M,T895M,,,none,,,,,,,,,,,ALL,True,False,False
26129877,T895M,T895M,,,none,,,,,,,,3.0,,,ALL,True,False,False
15840476,T983I,T983I,,,none,,,,,,,,,,,ALL,True,False,False
26746457,T983I,T983I,,,none,,,,,,,,1.0,,,ALL,True,False,False
29957233,T983I,T983I,,,none,,,,,,,,1.0,,,ALL,True,False,False
22378279,T983I,T983I,,,none,,,,,,,,,,,ALL,True,False,False
16923798,V1038fsX,V1038fs*,,,none,,,,,,,,,,,ALL,True,False,False
15840476,V1038fsX,V1038fs*,,,none,,,,,,,,,,,ALL,True,False,False
24103226,V1038fsX,V1038fs*,,,none,,,,,,,,,,,ALL,True,False,False
21216356,V115M,V115M,,,none,,,,,,,,,,,ALL,True,False,False
15466642,V131fsX,V131fs*,,,none,,,,,,,,,,,ALL,True,False,False
15840476,V131fsX,V131fs*,,,none,,,,,,,,,,,ALL,True,False,False
14661677,V215G,V215G,,,none,,,,,,,,1.0,,,ALL,True,False,False
29622001,V215X,V215*,,,none,,,,,,,,,,,ALL,True,False,False
17210839,V279M,V279M,,,none,,,,,,,,,,,ALL,True,False,False
10973849,V295fsX,V295fs*,,,none,,,,,,,,,,,ALL,True,False,False
11854117,V295fsX,V295fs*,,,none,,,,,,,,,,,ALL,True,False,False
26066609,V491I,V491I,,,none,,,,,,,,,,,ALL,True,False,False
22173492,V535M,V535M,,,none,,,,,,,,2.0,,,ALL,True,False,False
9544837,V612L,V612L,,,none,,,,,,,,,,,ALL,True,False,False
9693036,V630A,V630A,,,none,,,,,,,,,,,ALL,True,False,False
11854117,V630A,V630A,,,none,,,,,,,,,,,ALL,True,False,False
15840476,V630A,V630A,,,none,,,,,,,,,,,ALL,True,False,False
27871843,V630T,V630T,,,none,,,,,,,,,,,ALL,True,False,False
28532774,V716G,V716G,,,none,,,,,,,,,,,ALL,True,False,False
8914737,V822M,V822M,,,none,,,,,,,,,,,ALL,True,False,False
10086971,V822M,V822M,,,none,,,,,,,,2.0,,,ALL,True,False,False
11854117,V822M,V822M,,,none,,,,,,,,,,,ALL,True,False,False
11844290,V822M,V822M,,,none,,,,,,,,9.0,,,ALL,True,False,False
15840476,V822M,V822M,,,none,,,,,,,,,,,ALL,True,False,False
11854117,W1001X,W1001*,,,none,,,,,,,,,,,ALL,True,False,False
11844290,W1001X,W1001*,,,none,,,,,,,,3.0,,,ALL,True,False,False
24218437,W1001X,W1001*,,,none,,,,,,,,,,,ALL,True,False,False
26496715,W154X,W154*,,,none,,,,,,,,,,,ALL,True,False,False
29650123,W412X,W412*,,,none,,,,,,,,,,,ALL,True,False,False
15176425,W497X,W497*,,,none,,,,,,,,,,,ALL,True,False,False
29622001,W497X,W497*,,,none,,,,,,,,,,,ALL,True,False,False
26063740,W497X,W497*,,,none,,,,,,,,,,,ALL,True,False,False
29766883,W563C,W563C,,,none,,,,,,,,2.0,,,ALL,True,False,False
19306396,W563G,W563G,,,none,,,,,,,,,,,ALL,True,False,False
23098067,W563X,W563*,,,none,,,,,,,,,,,ALL,True,False,False
17905336,W568C,W568C,,,none,,,,,,,,1.0,,,ALL,True,False,False
10973849,W585C,W585C,,,none,,,,,,,,,,,ALL,True,False,False
30105468,W585fsX,W585fs*,,,none,,,,,,,,,,,ALL,True,False,False
24606995,W705fsX,W705fs*,,,none,,,,,,,,,,,ALL,True,False,False
24667783,W705fsX,W705fs*,,,none,,,,,,,,,,,ALL,True,False,False
16922724,W705X,W705*,,,none,,,,,,,,,,,ALL,True,False,False
24400717,W927G,W927G,,,none,,,,,,,,,,,ALL,True,False,False
15840476,Y420C,Y420C,,,none,,,,,,,,,,,ALL,True,False,False
16922724,Y427H,Y427H,,,none,,,,,,,,,,,ALL,True,False,False
15840476,Y427S,Y427S,,,none,,,,,,,,,,,ALL,True,False,False
23098067,Y43C,Y43C,,,none,,,,,,,,,,,ALL,True,False,False
29650123,Y43C,Y43C,,,none,,,,,,,,,,,ALL,True,False,False
12402336,Y447X,Y447*,,,none,,,,,,,,,,,ALL,True,False,False
26496715,Y475C,Y475C,,,none,,,,,,,,,,,ALL,True,False,False
15840476,Y475Del,Y475Del,,,none,,,,,,,,,,,ALL,True,False,False
14998624,Y493C,Y493C,,,none,,,,,,,,,,,ALL,True,False,False
9600240,Y493X,Y493*,,,none,,,,,,,,,,,ALL,True,False,False
23098067,Y569C,Y569C,,,none,,,,,,,,,,,ALL,True,False,False
10862094,Y569H,Y569H,,,none,,,,,,,,,,,ALL,True,False,False
29622001,Y569H,Y569H,,,none,,,,,,,,,,,ALL,True,False,False
19034806,Y652X,Y652*,,,none,,,,,,,,,,,ALL,True,False,False
10790218,Y667X,Y667*,,,none,,,,,,,,2.0,,,ALL,True,False,False
12402336,Y99S,Y99S,,,none,,,,,,,,,,,ALL,True,False,False
19038855,Y99S,Y99S,,,none,,,,,,,,,,,ALL,True,False,False
